Day,P5,P25,P50,P75,P95
0,314.8999938964844,314.8999938964844,314.8999938964844,314.8999938964844,314.8999938964844
1,314.4257511247918,314.68153610293075,314.90531611428344,315.10112978302675,315.41243716696226
2,314.2309384362012,314.65362624297745,314.9089969601855,315.17645681662873,315.593319562051
3,314.04981908093526,314.6439744645194,314.9355830321507,315.2828307140399,315.8314595047748
4,313.9711933415725,314.59015589539047,314.9294029665251,315.3481643926468,315.99194052726716
5,313.90420977342455,314.5277948697375,314.93768931249986,315.39070810047247,316.0470884289509
6,313.79856212930787,314.4787578313201,314.95715616202244,315.4606246132839,316.2330168706517
7,313.67770261496133,314.3854491700387,314.97760926250146,315.48425617652265,316.2722083001211
8,313.5849666907026,314.3984031556394,314.9316360605317,315.52984643562695,316.3726363660531
9,313.43879880169237,314.356932866944,314.91777331747295,315.5268115510767,316.4590541774104
10,313.38856406215194,314.27660944482784,314.9380782559633,315.52656390154254,316.44840463855843
11,313.30132023096263,314.23138783733907,314.88500510129995,315.6705333032865,316.5821483817189
12,313.23994237422147,314.16287482543885,314.8628292055053,315.6566450892003,316.69316809401204
13,313.1950532666884,314.1136042511704,314.8985375877102,315.6378272633555,316.72406676829866
14,313.1696304888423,314.10077090378684,314.8577700572031,315.62029003019063,316.7995428604679
15,313.0997748488691,314.0453079636551,314.845088243134,315.6586938745083,316.9086512459756
16,313.0288420088272,313.93071231603614,314.8570570239962,315.69596403792093,317.13045657617795
17,313.0595082224023,314.0147565437776,314.8688832150782,315.73421806957396,317.1457851694876
18,312.96528922552125,313.97799067505235,314.80535781500106,315.81724580912646,317.3283083488667
19,312.9869416049302,313.94413572898287,314.7594783151181,315.8170582447872,317.2895286919411
20,312.82328598919815,313.96467288834003,314.82666775476594,315.80311467821883,317.2818811114394
21,312.73693677975433,313.965763867279,314.79223635416156,315.85174936929354,317.27307748360465
22,312.5530740959292,313.9297954076677,314.8001424223801,315.7919320229082,317.3460425924068
23,312.51251065642975,313.8689591874904,314.78507546359845,315.82404299070436,317.34441553822893
24,312.62111060334576,313.8639666658613,314.80120648524127,315.8268649572781,317.4836487200638
25,312.63399494805,313.82823374779286,314.8373377999873,315.8028075701186,317.395426808307
26,312.3915081279259,313.8817607770471,314.8374139591206,315.8367971010715,317.53847630160135
27,312.2950189728292,313.88872988422474,314.82373994846375,315.9735194536522,317.7113352329452
28,312.39267008400157,313.8912330028747,314.8777158411755,316.00225558387945,317.7093979819409
29,312.331641288071,313.83633012859633,314.9628737930734,315.943945043145,317.8460883032525
30,312.35160153319987,313.8766950848658,314.9330024146283,316.0694032198307,317.66268528572886
31,312.2320421872607,313.7249592454898,315.0042538888337,316.1037289419407,317.65442800998187
32,312.26876596518275,313.7668862509955,314.8983866975841,316.0864574656547,317.726257971907
33,312.277747059667,313.77081114897396,314.9201003998933,316.21091911396945,317.8043542847582
34,312.1658055467739,313.7358688762093,314.94773508534746,316.16840731190916,317.9440816303756
35,312.03578203841374,313.6793914715063,314.99409507735675,316.16533265564476,318.0473664227379
36,312.0370804500806,313.6363931559416,315.0161747366975,316.19910367957544,318.0941589083508
37,311.92873823537303,313.6621954329118,315.10635984409697,316.28261808392216,318.19327082685476
38,311.8754997978553,313.6417892767249,315.0375921569969,316.2447360819075,318.3368009909643
39,311.8788301338537,313.67108106164403,315.0187603618934,316.3291104722662,318.33131805484464
40,311.7497381638005,313.6215003303642,315.07543496417054,316.42719277512714,318.42137720190743
41,311.74469596628836,313.6351711974975,315.05179243124434,316.4088888317531,318.46815620575
42,311.61422115906345,313.56591394982183,315.00441544895455,316.4545758561743,318.4604576538141
43,311.6075806336461,313.4972662960017,315.08461691727496,316.3297705912258,318.66173836914703
44,311.52702076667583,313.5752297322198,315.0480470156481,316.4084057821558,318.6196311015224
45,311.50573185720805,313.5298073799152,315.07376737196967,316.34880399344627,318.4783632864173
46,311.59957478137693,313.4985295705889,315.1058242734358,316.3249243677809,318.5260876207379
47,311.5896622215114,313.52482125049863,315.0056155904802,316.41459497385307,318.5758191617529
48,311.41594902791485,313.4802681048816,315.02212777721616,316.35220660190294,318.82541540478155
49,311.31052322230914,313.4766453293255,314.98076155214324,316.46396632588625,318.7354053978466
50,311.33524794428786,313.4655449651393,314.98164807862815,316.5418944147898,318.6009258428345
51,311.32580388149853,313.3671602958625,315.0184903596896,316.4937903323548,318.6402844659174
52,311.35316171608355,313.3645936755506,315.07792853481635,316.48762181311554,318.7401197783316
53,311.2024342733936,313.4076986527308,315.1210399491275,316.52226170811207,318.83236203955096
54,311.1800298166864,313.49844000200545,315.09424432859794,316.5212072258478,318.73861658226593
55,311.13737073290804,313.3556144253074,315.04557434455353,316.56380479306915,318.7477532617471
56,311.0692664282475,313.3362273969045,315.01447742165044,316.53420267133924,318.6971184102165
57,311.1374896881032,313.363230926675,315.07713500990906,316.60250171534636,318.7054322735885
58,310.9694537120969,313.28820014491436,314.9975189405544,316.62253046487666,318.75279972798495
59,310.862270790761,313.238201201857,315.0396739710102,316.724625382697,318.72129412623855
60,310.8929959714116,313.2936319947509,315.07494999380515,316.67985648863754,318.7857287994003
61,310.8554908509805,313.35961121070477,315.05650907486086,316.606671087214,318.60510958594534
62,310.86485619388327,313.2822011216149,315.0481264902412,316.63757678536757,318.7011665860676
63,310.79554673856535,313.229140446309,315.0575758481496,316.6643209674567,318.8724798379246
64,310.7843501528911,313.1861499725386,315.00793284160807,316.7671358471779,318.9608616868322
65,310.91078319521137,313.2760140018505,315.08735638879006,316.71502992721616,319.1788895991645
66,310.84800722489445,313.1638681051684,314.99534347364386,316.7423428701095,319.07773609553414
67,310.8134336299132,313.1548669061538,315.02377003733795,316.7338323945965,319.1941149666722
68,310.6959167375899,313.10845851908687,314.9857280262699,316.7493463982467,319.21443333057175
69,310.5569094727643,313.1131446788732,314.9338263120366,316.7332722609258,319.20745909377877
70,310.62830483951035,313.1818420436617,314.9688123277756,316.736026125508,319.28859982304766
71,310.65601457341194,313.16591025903966,314.9097645346431,316.6801458452872,319.24569613434596
72,310.6992108022751,313.058401402069,314.9956086054368,316.70233378331216,319.3980304252585
73,310.4535900316174,312.95304648286384,315.09778319823306,316.66618609195626,319.33379625118664
74,310.5825125141173,313.06009337945204,315.164512330374,316.715106018789,319.33932797165426
75,310.43082093829514,313.1559240103611,315.10326133492845,316.7136667449887,319.26694846628783
76,310.4918200061078,313.08716650131316,315.0143024975777,316.6950330155062,319.32272265059953
77,310.42172314519985,313.11482530378953,315.0618122767269,316.646043596135,319.29431622295476
78,310.31843483845785,313.204136911466,315.00777402897387,316.70140774776274,319.3565242764743
79,310.2328033876077,313.2002014351372,314.97942636361233,316.7578916734859,319.30857079839376
80,310.084397076399,313.13842330432425,315.0570898741681,316.8260692833002,319.2532523648632
81,310.38935629708783,313.20877440694795,315.0771722254123,316.8313988323769,319.3508445918944
82,310.29063469366395,313.2955893290723,315.04599937166347,316.74605098351475,319.5296004384744
83,310.59003713331293,313.1806276571203,315.02515899844525,316.72986991863456,319.68645299683817
84,310.40166887757107,313.12103264975826,314.99607159653976,316.8609556596299,319.7103010911931
85,310.241757371634,313.0614013880055,315.0720871289285,316.81148433793027,319.80842658945284
86,310.134611561255,313.0789151848742,315.0710851277854,316.7841863906017,319.692071067234
87,309.94207936496286,313.0254103291609,315.05677130461356,316.98877992181633,319.63538715383623
88,309.8523136299401,313.12952415767074,315.10832534074984,316.88736469242957,319.68038867534244
89,309.8113521368659,313.2013405042692,315.0684799949678,316.9955793806723,319.76167921810963
90,309.860063863981,313.0630816637826,315.06480559874103,316.9856701621418,319.72226411999867
91,310.11582323161963,313.0856719904979,315.127061185109,316.948002370153,319.7096827118051
92,309.86343649396963,313.01757460572225,315.1713238240119,317.0282190693568,319.88582777032786
93,309.83043604700316,312.99979608499285,315.2121273990165,317.03024973593443,319.62595363064105
94,309.70857549144705,313.0438290319438,315.14869514722307,317.1063601941131,319.59058568216284
95,309.8593820210504,313.0166421100196,315.1107444466488,317.1176537439306,319.63353764565613
96,309.67531344834515,312.9607048163793,315.0368328859129,317.1195955866783,319.95789281800035
97,309.4488021919621,313.0420315459883,314.93705968113704,317.0838259755563,320.3043752379986
98,309.4436347081827,312.97697602717017,315.0227287242965,317.06868198969516,320.12041766299745
99,309.56051728152397,313.04241108451777,314.95255381167914,317.1555666776811,320.2481321061261
100,309.4626828024201,313.166151909363,314.98474396818165,317.14524027108484,320.3659915055889
101,309.3490478595234,313.06087603054135,315.05838425718883,317.21735507467383,320.40542352665034
102,309.4477181784661,312.9423585920981,315.0674618421801,317.1510745775172,320.2577628478223
103,309.69354077786755,313.01953003399734,315.1079593672299,317.13475248650013,320.3168079066711
104,309.8421868534203,313.0247332721807,315.013495734287,317.0958932449812,320.45413294359474
105,309.9299380806471,312.99876496765006,314.9164429515805,317.2141890073013,320.4442205441866
106,309.7339429122464,312.95891728380514,314.88791648789606,317.2115230964996,320.40434115181006
107,309.8928084103449,313.09080307755454,314.95960631555727,317.08701960589815,320.46099092914375
108,309.79370612462463,313.0401676437725,315.04444732315653,317.0558161021591,320.5402624257497
109,309.7476113596004,312.99374912497507,314.9496173653463,317.07586767081193,320.3947340966968
110,309.7623094536704,313.08778020148907,315.0860485718513,317.11948768675495,320.28515622931275
111,309.50070225386173,312.96593844342226,314.95720070909675,317.15395426971133,320.26064091028064
112,309.60005710259026,312.9147436103782,315.0488881696999,317.12521425218205,320.29889712580865
113,309.52676722448376,312.89618379393426,314.9719486344479,317.12876233413675,320.3552364861874
114,309.43068165557753,312.9304068417457,315.036286159524,317.2286711078457,320.4282481706755
115,309.60645599257623,312.8874303115126,315.0443539165026,317.23114301664964,320.49392085025966
116,309.522100677851,312.8880627130381,314.936782853918,317.28680122956314,320.2503575836409
117,309.4321822149769,313.00872449786567,315.0413613580847,317.2112124453713,320.47826117180097
118,309.50489458599066,312.8771751805856,314.98796932836683,317.253358478219,320.42311619043994
119,309.52947919083124,312.92660296790024,315.0715680102842,317.17460172892993,320.31144448791116
120,309.48052180091736,312.95581933446647,315.1070857769089,317.21714284382483,320.4419363969623
121,309.71239471347224,312.9851756700179,315.09124070575865,317.36615288041105,320.43089086688013
122,309.53454343856384,312.8924912375184,315.13820552641164,317.3014635081906,320.3502854706186
123,309.47653706130785,312.94296325683047,315.06368362423365,317.3595255929105,320.3086433688358
124,309.44509824324615,312.982595073359,315.0750772272927,317.35474710991923,320.3748166454245
125,309.4083241989546,313.0337960708406,315.1542854751409,317.3440851501415,320.39714439868317
126,309.3824505125148,312.9883348281299,315.2446131199405,317.3991150504242,320.45474881224663
127,309.3896058409199,312.9762770615157,315.1567866203429,317.42553401648627,320.55673724363095
128,309.4106957453841,312.9698389269778,315.2249088841269,317.32186487283786,320.7655584742603
129,309.3324277431564,312.8827698171319,315.2477615209783,317.36072020899843,320.7890523825698
130,309.3617524064278,312.8983368997892,315.24798924955707,317.4035025299913,320.87429402295334
131,309.4766364762072,312.88865561635936,315.19249629506555,317.35396768786643,320.8048870795708
132,309.4771914261954,312.9654170912123,315.25237115358067,317.33182524708445,320.9480575434328
133,309.34416019277916,313.06727154643005,315.22808740546213,317.4245049214237,320.9164899770666
134,309.3181370595599,312.92473686307693,315.193093144318,317.50834778391254,320.89483997483745
135,309.3434994406977,312.9888413624789,315.0670658172245,317.50693092509573,320.83324685184334
136,309.0833897473129,312.80520330651035,315.28852423466435,317.56994461605404,320.823834771803
137,309.21025395856657,312.90521018127765,315.22533812414787,317.4801343744942,321.01058396604054
138,308.93113045593645,312.7950419215065,315.280061594474,317.45160067942714,321.11272300655673
139,308.8968649421913,312.8852697343556,315.2214257834004,317.537318633274,320.92473978869367
140,309.10595347401403,312.8541918492202,315.2135231973974,317.56543753627477,320.8974402019251
141,309.20747100007696,312.7542228375566,315.30773098768765,317.4891675854699,320.8702351925151
142,309.16686963013984,312.7615745495248,315.23412306713135,317.6186953137212,320.72688191323857
143,309.14068148163193,312.7170733901614,315.27033822654226,317.5536053355729,321.00254618163257
144,308.96774327495507,312.6820710412837,315.30268666746395,317.3275535001806,320.91623581226696
145,308.9475505598143,312.71087149179755,315.2554388767885,317.4619278721979,320.84018405367004
146,309.08684587642233,312.80474990044996,315.2255955240262,317.55394927981075,321.1266122658399
147,309.04425392489134,312.7472089118728,315.15803582323304,317.6454706894015,321.18358643475216
148,308.92101019088966,312.8276788545999,315.12072386723935,317.6190001400026,321.2636274671404
149,308.96141558383914,312.5751081186135,315.1913231469928,317.57396797164455,321.3771046035075
150,308.8586947748646,312.68071917769436,315.1857310233879,317.70109979518065,321.5665647607087
151,308.8185647962077,312.67520986196286,315.19661963908345,317.7149631852267,321.4046375636545
152,308.8352935706819,312.5687460704863,315.1878779109579,317.8162050004852,321.1182424898794
153,308.8138439923081,312.5246050933879,315.15717513933976,317.7894080712181,321.1567848856777
154,308.671327658483,312.60335307141963,315.1236964946323,317.72785179652476,321.31515293739193
155,308.9511898300001,312.53479439000785,315.1397796141872,317.7667480745925,321.21168965087764
156,309.0063631566121,312.4532173646377,315.0736429512749,317.72428015094283,321.5040092764968
157,308.8888294621478,312.41999561158866,315.0349691337019,317.68998028579585,321.48236488658597
158,308.8404021632195,312.44191082745226,315.131262840107,317.6542206252775,321.40277445392076
159,308.8014188311748,312.36531473299283,315.1530099908183,317.6992833720513,321.4203933414978
160,309.02421355753734,312.37874350925443,315.13073165808805,317.7461677952048,321.2690569188534
161,308.9205025502872,312.3652784406329,315.15288211842335,317.77405558498083,321.27402124850806
162,308.9020105449576,312.38267079015895,315.19655711724045,317.707571183785,321.3216705166131
163,308.8637485414167,312.3593731425849,315.2776304966869,317.71586620400967,321.6815079709794
164,308.7307749464871,312.46035846029594,315.2968016019818,317.78032416121425,321.54250868084443
165,308.86672452582275,312.35283201465995,315.249322109364,317.67908743756306,321.15353970423695
166,308.92410662021695,312.393328717201,315.1560831277534,317.7687499022821,321.33647997892206
167,309.0103970334345,312.3310825286777,315.2644263774172,317.7741532638968,321.35855590553297
168,308.99372274373786,312.28689496861114,315.22430115665213,317.89960086646266,321.4671514761295
169,308.8304023673213,312.3251927074366,315.3028447255536,317.93409329616577,321.3580264417542
170,308.83803578521633,312.33475474212617,315.35576203138896,317.9866417068497,321.5183637985753
171,308.72616625435506,312.2949737562478,315.3383032889783,317.9294044523328,321.4085307498958
172,308.86121887868956,312.3876749231904,315.305958865997,317.91258933524824,321.60943575136184
173,308.78454137182115,312.31263114803437,315.27691269594163,317.99648048634947,321.5757942653933
174,308.68659029824323,312.5157809416608,315.304050773796,317.91835711569496,321.547580814678
175,308.70795774221165,312.36483237992843,315.4056476208424,317.88305437057073,321.5682639323732
176,308.87562714304926,312.40829591747325,315.3447593687902,317.9807153173348,321.7531205564936
177,308.72111137376083,312.2982728940655,315.3316769010096,317.8330779123971,321.3886865743147
178,308.7409344645605,312.3164130790131,315.39627888208213,317.8909438154293,321.5300135969797
179,308.7336523851694,312.210957352939,315.37167853658025,317.88996256199204,321.4363468746064
180,308.7042549369949,312.2477153971578,315.2774778242143,317.9157447344988,321.6726389476779
181,308.89693115316913,312.3632211117259,315.3514502197728,318.00568795675673,321.6478333590974
182,308.901359727799,312.4362635511483,315.36498270350637,318.1088331533491,321.87851108063234
183,308.8309851628393,312.42376486544754,315.3257815929476,318.11626218881287,321.770507700566
184,308.5461875772266,312.4684203162454,315.3489424238303,318.1252489996857,322.1064801385525
185,308.55037180364553,312.5070725417096,315.3231088373541,318.00012009682973,321.9356042325383
186,308.7791385275427,312.4819535344806,315.30043404036417,318.05748821035365,321.92251076497115
187,308.88775636531614,312.43491514511976,315.2512513011884,317.9910420848933,322.1547374494892
188,308.9878236687763,312.4585106377118,315.25172772725693,317.8639485749,322.00607133405924
189,308.9886138388207,312.5068781740142,315.3104549381782,317.9576437779367,321.9766681724976
190,309.00147510247535,312.41806263792125,315.378746259126,317.95199886556316,322.2123683913995
191,308.7935579721158,312.467648284848,315.3118230936659,317.98760349651525,322.069653264154
192,308.6469096277053,312.3843900990715,315.34597542006804,317.96520140997166,322.16829362068455
193,308.82734399954376,312.4038095806518,315.19941193501336,317.85302688473615,322.296027504923
194,308.8460533424732,312.3458588598987,315.18200294362987,317.8127215459748,322.0354536215195
195,308.7721805296923,312.3110121651685,315.2444529957063,317.8257555013305,321.9559935883503
196,308.708158538119,312.3830761085791,315.294158742819,317.78578215371977,321.85146388862165
197,308.4398211216441,312.33487112244853,315.3378297620044,317.84132024034375,321.939829326647
198,308.48632894637404,312.2675409305075,315.29136170562913,317.8534976488054,321.99122381224555
199,308.29430356112323,312.3424662092707,315.15061903184574,317.9077765120633,321.93464424368915
200,308.5925267081014,312.45594895432373,315.0802224437941,317.963146672905,321.9939582619379
201,308.67074555939223,312.33225926680535,315.25203261939726,318.0835109623281,321.8613895820715
202,308.25875534052705,312.21320466094136,315.19395508543926,318.2119077733815,321.67988100226404
203,308.5892424789785,312.2310670366351,315.231391593236,318.041000088489,321.9487701996036
204,308.38707971734766,312.2675793392296,315.2643820431327,318.0439982575252,322.0216374242552
205,308.53972545919925,312.3155257021317,315.234601007753,318.1903721026386,322.040161292583
206,308.4943944261314,312.30727725328063,315.1937218549941,318.30076566771965,322.1021115979865
207,308.25724399423865,312.2978265349282,315.19736119068875,318.2487450370137,322.1195727856398
208,308.31085509268775,312.31368902373293,315.15895416328226,318.197182973494,322.1798983333985
209,308.2863300251407,312.3096173143701,315.17538954354865,318.2602066612719,321.9672052558797
210,308.2493187915294,312.2970205531721,315.1719460286656,318.22822602062934,321.95620509463214
211,308.16439251740286,312.25080729800305,315.2755844623315,318.2923968000005,321.99876412867974
212,308.2766248280333,312.22005757552756,315.2361775818681,318.3872583932706,322.05133194428487
213,308.36474809304735,312.3559041159737,315.21028354731175,318.43855827163196,322.0493343576826
214,308.42925789945065,312.3648617894471,315.17203199988444,318.41555169001606,321.92370064099345
215,308.21270874961976,312.24607275885444,315.3563112219307,318.338228178236,322.04661652849296
216,308.04785645713736,312.2625921514829,315.31012694409065,318.30427398067326,321.89482363368916
217,308.3588026024921,312.4267503556813,315.2721699642908,318.3479216188985,322.0483501124447
218,308.27374281237456,312.40196412186623,315.20017415521613,318.27559301963464,321.9752392800707
219,308.33003857084896,312.4071192387744,315.24403098400245,318.32930280894124,321.9947727127957
220,308.16526101629194,312.4347540670027,315.20171548092276,318.3418732248374,322.2793236467422
221,308.25783128823684,312.26671911588477,315.172893049623,318.2901886915282,322.28026217080185
222,308.2120834778456,312.3895426136946,315.1521187621238,318.34366034345857,322.3341599303734
223,308.18647077198153,312.3444120014685,315.1814806297001,318.50252044438804,322.2664969477976
224,308.31529295318586,312.2831877020734,315.2947045570389,318.46910208482535,322.2554014689531
225,308.0573492717315,312.41278009905807,315.2444699223022,318.4921924782506,322.2845340532117
226,308.11882473122773,312.35947257823125,315.2247593610761,318.4443880498236,322.3203547657833
227,308.0604045201627,312.41228334459305,315.10188718884416,318.5346707579525,322.50159901007123
228,308.1755499211933,312.5628799688376,315.233092481497,318.5396730914497,322.4752996346029
229,308.1547013116196,312.5820042597216,315.1486143991558,318.56472434203573,322.746825774318
230,307.9750327074746,312.49520163821717,315.13884191281227,318.5443564984147,322.905170451091
231,308.04540242948457,312.4683898266937,315.2793789934485,318.47629330855864,322.8401131487153
232,308.02425065451615,312.43200078903084,315.32189875417566,318.62085166089844,322.7577079231528
233,307.83592981951267,312.6254058180316,315.25717867972674,318.6146098723488,322.79904716920447
234,307.9444805878759,312.6614243509796,315.2956295038234,318.5309257764935,322.62540206224526
235,307.5871319104881,312.51419400712405,315.2863205258657,318.53317521072023,322.45274906927614
236,307.8380498086758,312.56626917316714,315.28452206292775,318.3614061962827,322.49566415819703
237,307.79310766971355,312.61241197429865,315.2394849042902,318.45908658644623,322.77595319889343
238,307.86009136920234,312.49033446716857,315.32398195568817,318.36555795924403,322.71012974804836
239,307.86658680173485,312.48548231722873,315.370835827337,318.2587965081758,322.64733007863913
240,307.39932547833365,312.4385272459506,315.3737298551207,318.3295685638491,322.81264237754954
241,307.685089280773,312.4664897954876,315.3842906335684,318.3836923596248,322.75010134386974
242,307.5060495409849,312.3409327089227,315.34015831350894,318.4290692051794,322.8468533938437
243,307.1826726143199,312.29019460895324,315.32280286510115,318.43509628030483,322.87058176421453
244,307.3520261637417,312.2165387668735,315.3014201768535,318.4057491004702,322.75717210158
245,307.23965225313714,312.25964842862516,315.4527054897214,318.4636949669343,323.09461618092206
246,307.3025020393413,312.22842411610674,315.19926753001215,318.4330353321924,323.0867246888907
247,307.3731040056657,312.24860333916763,315.18911530620363,318.47957910130447,323.0858592097049
248,307.1184692154028,312.2040715520136,315.20537001878347,318.475198805552,322.96341689763375
249,307.1228082628444,312.3758826475439,315.2095902331945,318.5147340320661,323.2025752981884
250,307.13517428807205,312.1460510263853,315.1481293206714,318.5262323276678,323.1288376672501
251,307.2498698873157,312.27603642175967,315.2715608460461,318.5164689733477,323.3177894826678
252,307.33284477199425,312.3002771693536,315.39403713087455,318.59113277061545,323.235614732904
